forecast_origin,pickup_hour,pickup_zone_name,lead_hour,baseline_forecast,improved_forecast
2026-04-01,2026-04-01 00:00:00,Upper East Side South,1,42.0,33.86940955263532
2026-04-01,2026-04-01 00:00:00,JFK Airport,1,215.05769230769232,237.42225944587176
2026-04-01,2026-04-01 00:00:00,Midtown Center,1,80.4423076923077,54.27614179122576
2026-04-01,2026-04-01 00:00:00,Upper East Side North,1,14.923076923076923,14.447543055162829
2026-04-01,2026-04-01 00:00:00,Penn Station/Madison Sq West,1,68.51923076923077,50.33915111488234
2026-04-01,2026-04-01 00:00:00,Midtown East,1,47.25,43.81873585228185
2026-04-01,2026-04-01 00:00:00,Times Sq/Theatre District,1,94.5576923076923,96.0828226777163
2026-04-01,2026-04-01 00:00:00,Lincoln Square East,1,37.13461538461539,35.06446093140677
2026-04-01,2026-04-01 00:00:00,LaGuardia Airport,1,113.32692307692308,112.63155309684076
2026-04-01,2026-04-01 00:00:00,Murray Hill,1,41.26923076923077,39.148578302917215
2026-04-01,2026-04-01 01:00:00,Upper East Side South,2,14.692307692307692,13.48802339461521
2026-04-01,2026-04-01 01:00:00,JFK Airport,2,99.07692307692308,116.17403877209378
2026-04-01,2026-04-01 01:00:00,Midtown Center,2,26.71153846153846,15.11188820635771
2026-04-01,2026-04-01 01:00:00,Upper East Side North,2,5.5576923076923075,7.837464757921945
2026-04-01,2026-04-01 01:00:00,Penn Station/Madison Sq West,2,27.53846153846154,36.095578243155124
2026-04-01,2026-04-01 01:00:00,Midtown East,2,18.134615384615383,15.885013757566698
2026-04-01,2026-04-01 01:00:00,Times Sq/Theatre District,2,38.07692307692308,36.88738780053535
2026-04-01,2026-04-01 01:00:00,Lincoln Square East,2,12.307692307692308,13.287131933924378
2026-04-01,2026-04-01 01:00:00,LaGuardia Airport,2,28.5,66.50248953706244
2026-04-01,2026-04-01 01:00:00,Murray Hill,2,17.076923076923077,16.70979482977927
2026-04-01,2026-04-01 02:00:00,Upper East Side South,3,6.75,9.738120329592947
2026-04-01,2026-04-01 02:00:00,JFK Airport,3,35.73076923076923,29.655763215516036
2026-04-01,2026-04-01 02:00:00,Midtown Center,3,9.884615384615385,7.535310374489876
2026-04-01,2026-04-01 02:00:00,Upper East Side North,3,2.9038461538461537,5.773196267200674
2026-04-01,2026-04-01 02:00:00,Penn Station/Madison Sq West,3,13.423076923076923,15.744214308045064
2026-04-01,2026-04-01 02:00:00,Midtown East,3,8.98076923076923,8.794587034578338
2026-04-01,2026-04-01 02:00:00,Times Sq/Theatre District,3,21.634615384615383,15.532488709787152
2026-04-01,2026-04-01 02:00:00,Lincoln Square East,3,5.576923076923077,6.872554203664271
2026-04-01,2026-04-01 02:00:00,LaGuardia Airport,3,6.0576923076923075,17.36994437921002
2026-04-01,2026-04-01 02:00:00,Murray Hill,3,8.788461538461538,9.333844960141978
2026-04-01,2026-04-01 03:00:00,Upper East Side South,4,4.230769230769231,6.544377171426776
2026-04-01,2026-04-01 03:00:00,JFK Airport,4,13.26923076923077,11.735777276019755
2026-04-01,2026-04-01 03:00:00,Midtown Center,4,5.903846153846154,6.052993275552111
2026-04-01,2026-04-01 03:00:00,Upper East Side North,4,2.0961538461538463,5.5016854583043635
2026-04-01,2026-04-01 03:00:00,Penn Station/Madison Sq West,4,7.173076923076923,10.363958051708645
2026-04-01,2026-04-01 03:00:00,Midtown East,4,4.173076923076923,6.430666689458205
2026-04-01,2026-04-01 03:00:00,Times Sq/Theatre District,4,16.365384615384617,13.089228515618633
2026-04-01,2026-04-01 03:00:00,Lincoln Square East,4,3.6538461538461537,5.298171024298004
2026-04-01,2026-04-01 03:00:00,LaGuardia Airport,4,1.8461538461538463,9.016335926265004
2026-04-01,2026-04-01 03:00:00,Murray Hill,4,4.923076923076923,6.935316062047986
2026-04-01,2026-04-01 04:00:00,Upper East Side South,5,4.6923076923076925,9.014116805436238
2026-04-01,2026-04-01 04:00:00,JFK Airport,5,16.153846153846153,8.639800131138037
2026-04-01,2026-04-01 04:00:00,Midtown Center,5,7.576923076923077,9.42417614615162
2026-04-01,2026-04-01 04:00:00,Upper East Side North,5,4.846153846153846,7.705767587721898
2026-04-01,2026-04-01 04:00:00,Penn Station/Madison Sq West,5,8.288461538461538,8.529953567365766
2026-04-01,2026-04-01 04:00:00,Midtown East,5,6.3076923076923075,8.860561912772221
2026-04-01,2026-04-01 04:00:00,Times Sq/Theatre District,5,16.096153846153847,12.541260531602337
2026-04-01,2026-04-01 04:00:00,Lincoln Square East,5,5.519230769230769,8.094128429756356
2026-04-01,2026-04-01 04:00:00,LaGuardia Airport,5,1.2307692307692308,6.350347224820587
2026-04-01,2026-04-01 04:00:00,Murray Hill,5,7.096153846153846,8.066619801796714
2026-04-01,2026-04-01 05:00:00,Upper East Side South,6,12.76923076923077,16.993537613776493
2026-04-01,2026-04-01 05:00:00,JFK Airport,6,64.17307692307692,40.330821659165636
2026-04-01,2026-04-01 05:00:00,Midtown Center,6,12.51923076923077,16.67572682155849
2026-04-01,2026-04-01 05:00:00,Upper East Side North,6,20.73076923076923,19.83898951263523
2026-04-01,2026-04-01 05:00:00,Penn Station/Madison Sq West,6,52.61538461538461,44.029197010503296
2026-04-01,2026-04-01 05:00:00,Midtown East,6,22.25,18.352455559674112
2026-04-01,2026-04-01 05:00:00,Times Sq/Theatre District,6,20.807692307692307,20.25803422529174
2026-04-01,2026-04-01 05:00:00,Lincoln Square East,6,13.826923076923077,15.298527654855853
2026-04-01,2026-04-01 05:00:00,LaGuardia Airport,6,2.423076923076923,8.723665411976512
2026-04-01,2026-04-01 05:00:00,Murray Hill,6,17.865384615384617,15.576166861265516
2026-04-01,2026-04-01 06:00:00,Upper East Side South,7,47.09615384615385,46.22904313263146
2026-04-01,2026-04-01 06:00:00,JFK Airport,7,130.1153846153846,102.29030868628082
2026-04-01,2026-04-01 06:00:00,Midtown Center,7,42.86538461538461,43.408867099288734
2026-04-01,2026-04-01 06:00:00,Upper East Side North,7,90.15384615384616,66.228405319254
2026-04-01,2026-04-01 06:00:00,Penn Station/Madison Sq West,7,120.92307692307692,111.65058792053988
2026-04-01,2026-04-01 06:00:00,Midtown East,7,68.84615384615384,57.041692160570534
2026-04-01,2026-04-01 06:00:00,Times Sq/Theatre District,7,39.05769230769231,43.718912224193865
2026-04-01,2026-04-01 06:00:00,Lincoln Square East,7,40.25,39.84920851858366
2026-04-01,2026-04-01 06:00:00,LaGuardia Airport,7,3.4615384615384617,12.701889287968816
2026-04-01,2026-04-01 06:00:00,Murray Hill,7,51.46153846153846,47.04961079995442
2026-04-01,2026-04-01 07:00:00,Upper East Side South,8,202.3846153846154,147.7155588138075
2026-04-01,2026-04-01 07:00:00,JFK Airport,8,132.96153846153845,147.97584960566067
2026-04-01,2026-04-01 07:00:00,Midtown Center,8,96.76923076923077,101.06274595813268
2026-04-01,2026-04-01 07:00:00,Upper East Side North,8,282.63461538461536,208.0792966919229
2026-04-01,2026-04-01 07:00:00,Penn Station/Madison Sq West,8,214.84615384615384,178.29260746367447
2026-04-01,2026-04-01 07:00:00,Midtown East,8,139.84615384615384,119.18582968630294
2026-04-01,2026-04-01 07:00:00,Times Sq/Theatre District,8,78.42307692307692,89.22855398635603
2026-04-01,2026-04-01 07:00:00,Lincoln Square East,8,115.4423076923077,96.36389341454041
2026-04-01,2026-04-01 07:00:00,LaGuardia Airport,8,56.76923076923077,32.274629751211855
2026-04-01,2026-04-01 07:00:00,Murray Hill,8,109.9423076923077,99.46975404883898
2026-04-01,2026-04-01 08:00:00,Upper East Side South,9,303.4423076923077,234.7815024839192
2026-04-01,2026-04-01 08:00:00,JFK Airport,9,106.73076923076923,152.34478031482234
2026-04-01,2026-04-01 08:00:00,Midtown Center,9,168.82692307692307,157.66234995680188
2026-04-01,2026-04-01 08:00:00,Upper East Side North,9,387.40384615384613,299.5344606826152
2026-04-01,2026-04-01 08:00:00,Penn Station/Madison Sq West,9,254.6346153846154,237.2043915244208
2026-04-01,2026-04-01 08:00:00,Midtown East,9,208.0,167.62819787732073
2026-04-01,2026-04-01 08:00:00,Times Sq/Theatre District,9,124.88461538461539,125.27754659415982
2026-04-01,2026-04-01 08:00:00,Lincoln Square East,9,178.23076923076923,152.754451761215
2026-04-01,2026-04-01 08:00:00,LaGuardia Airport,9,94.65384615384616,60.96413510677848
2026-04-01,2026-04-01 08:00:00,Murray Hill,9,174.57692307692307,157.06684367638536
2026-04-01,2026-04-01 09:00:00,Upper East Side South,10,326.46153846153845,288.1811637084642
2026-04-01,2026-04-01 09:00:00,JFK Airport,10,102.5,126.76986381560246
2026-04-01,2026-04-01 09:00:00,Midtown Center,10,206.55769230769232,178.9281551617995
2026-04-01,2026-04-01 09:00:00,Upper East Side North,10,373.88461538461536,333.10593306201633
2026-04-01,2026-04-01 09:00:00,Penn Station/Madison Sq West,10,272.21153846153845,264.904622030833
2026-04-01,2026-04-01 09:00:00,Midtown East,10,224.71153846153845,189.89231367253007
2026-04-01,2026-04-01 09:00:00,Times Sq/Theatre District,10,143.71153846153845,149.71044694809206
2026-04-01,2026-04-01 09:00:00,Lincoln Square East,10,170.44230769230768,171.77462879459233
2026-04-01,2026-04-01 09:00:00,LaGuardia Airport,10,171.76923076923077,103.13868775609954
2026-04-01,2026-04-01 09:00:00,Murray Hill,10,196.69230769230768,187.83646602088928
2026-04-01,2026-04-01 10:00:00,Upper East Side South,11,336.5,299.64346098022355
2026-04-01,2026-04-01 10:00:00,JFK Airport,11,120.92307692307692,129.20697467161355
2026-04-01,2026-04-01 10:00:00,Midtown Center,11,238.92307692307693,199.42291524267267
2026-04-01,2026-04-01 10:00:00,Upper East Side North,11,353.1923076923077,318.55203447159136
2026-04-01,2026-04-01 10:00:00,Penn Station/Madison Sq West,11,248.51923076923077,237.21414170970607
2026-04-01,2026-04-01 10:00:00,Midtown East,11,213.21153846153845,192.66379651539745
2026-04-01,2026-04-01 10:00:00,Times Sq/Theatre District,11,155.69230769230768,153.20116187408098
2026-04-01,2026-04-01 10:00:00,Lincoln Square East,11,183.28846153846155,177.57672650776172
2026-04-01,2026-04-01 10:00:00,LaGuardia Airport,11,210.19230769230768,114.0001151716369
2026-04-01,2026-04-01 10:00:00,Murray Hill,11,194.65384615384616,185.0733138006045
2026-04-01,2026-04-01 11:00:00,Upper East Side South,12,381.4807692307692,317.8133131937659
2026-04-01,2026-04-01 11:00:00,JFK Airport,12,135.98076923076923,137.819400983137
2026-04-01,2026-04-01 11:00:00,Midtown Center,12,291.03846153846155,255.38521027642906
2026-04-01,2026-04-01 11:00:00,Upper East Side North,12,368.2307692307692,311.23455462709245
2026-04-01,2026-04-01 11:00:00,Penn Station/Madison Sq West,12,240.65384615384616,244.2299312886852
2026-04-01,2026-04-01 11:00:00,Midtown East,12,219.01923076923077,207.4107939489318
2026-04-01,2026-04-01 11:00:00,Times Sq/Theatre District,12,167.03846153846155,161.12111359845846
2026-04-01,2026-04-01 11:00:00,Lincoln Square East,12,183.8653846153846,186.8770254365661
2026-04-01,2026-04-01 11:00:00,LaGuardia Airport,12,178.8653846153846,122.62680905227612
2026-04-01,2026-04-01 11:00:00,Murray Hill,12,198.76923076923077,186.2539215191573
2026-04-01,2026-04-01 12:00:00,Upper East Side South,13,432.3269230769231,365.6107226321912
2026-04-01,2026-04-01 12:00:00,JFK Airport,13,171.6346153846154,147.99714314015742
2026-04-01,2026-04-01 12:00:00,Midtown Center,13,322.03846153846155,291.90325191644325
2026-04-01,2026-04-01 12:00:00,Upper East Side North,13,389.28846153846155,349.3277805540443
2026-04-01,2026-04-01 12:00:00,Penn Station/Madison Sq West,13,210.96153846153845,217.46498757074144
2026-04-01,2026-04-01 12:00:00,Midtown East,13,230.53846153846155,213.20552754290566
2026-04-01,2026-04-01 12:00:00,Times Sq/Theatre District,13,165.78846153846155,165.91618755949787
2026-04-01,2026-04-01 12:00:00,Lincoln Square East,13,201.67307692307693,185.54017020281296
2026-04-01,2026-04-01 12:00:00,LaGuardia Airport,13,192.07692307692307,131.05595625755132
2026-04-01,2026-04-01 12:00:00,Murray Hill,13,214.48076923076923,204.89641807166143
2026-04-01,2026-04-01 13:00:00,Upper East Side South,14,443.09615384615387,404.3041700986556
2026-04-01,2026-04-01 13:00:00,JFK Airport,14,209.0,175.32372155220656
2026-04-01,2026-04-01 13:00:00,Midtown Center,14,357.36538461538464,329.4514150397899
2026-04-01,2026-04-01 13:00:00,Upper East Side North,14,359.5769230769231,323.6543890834033
2026-04-01,2026-04-01 13:00:00,Penn Station/Madison Sq West,14,229.23076923076923,212.5962203381946
2026-04-01,2026-04-01 13:00:00,Midtown East,14,242.65384615384616,230.060715917275
2026-04-01,2026-04-01 13:00:00,Times Sq/Theatre District,14,176.8653846153846,170.9686258587699
2026-04-01,2026-04-01 13:00:00,Lincoln Square East,14,205.5,194.49548216772826
2026-04-01,2026-04-01 13:00:00,LaGuardia Airport,14,194.17307692307693,134.1756897309887
2026-04-01,2026-04-01 13:00:00,Murray Hill,14,214.46153846153845,203.05037564003993
2026-04-01,2026-04-01 14:00:00,Upper East Side South,15,499.7692307692308,449.14244073522826
2026-04-01,2026-04-01 14:00:00,JFK Airport,15,288.90384615384613,225.89892860106684
2026-04-01,2026-04-01 14:00:00,Midtown Center,15,395.8269230769231,344.5503492963226
2026-04-01,2026-04-01 14:00:00,Upper East Side North,15,385.6923076923077,328.8752113507599
2026-04-01,2026-04-01 14:00:00,Penn Station/Madison Sq West,15,181.96153846153845,193.5005280519484
2026-04-01,2026-04-01 14:00:00,Midtown East,15,255.8846153846154,240.28018051446992
2026-04-01,2026-04-01 14:00:00,Times Sq/Theatre District,15,185.1153846153846,175.98065877587635
2026-04-01,2026-04-01 14:00:00,Lincoln Square East,15,217.05769230769232,194.67628081667522
2026-04-01,2026-04-01 14:00:00,LaGuardia Airport,15,266.3269230769231,143.78025671367016
2026-04-01,2026-04-01 14:00:00,Murray Hill,15,222.5,199.15498061334247
2026-04-01,2026-04-01 15:00:00,Upper East Side South,16,486.46153846153845,437.93823914586767
2026-04-01,2026-04-01 15:00:00,JFK Airport,16,336.0,300.8021810266069
2026-04-01,2026-04-01 15:00:00,Midtown Center,16,412.6923076923077,365.6480637562408
2026-04-01,2026-04-01 15:00:00,Upper East Side North,16,453.36538461538464,341.1712719687503
2026-04-01,2026-04-01 15:00:00,Penn Station/Madison Sq West,16,189.23076923076923,195.08435152069018
2026-04-01,2026-04-01 15:00:00,Midtown East,16,259.3076923076923,251.35791519530844
2026-04-01,2026-04-01 15:00:00,Times Sq/Theatre District,16,209.17307692307693,191.08775426722082
2026-04-01,2026-04-01 15:00:00,Lincoln Square East,16,220.01923076923077,204.80892442207718
2026-04-01,2026-04-01 15:00:00,LaGuardia Airport,16,248.23076923076923,182.14474627642366
2026-04-01,2026-04-01 15:00:00,Murray Hill,16,227.46153846153845,202.9907202090533
2026-04-01,2026-04-01 16:00:00,Upper East Side South,17,463.5769230769231,427.6553454207814
2026-04-01,2026-04-01 16:00:00,JFK Airport,17,391.46153846153845,352.55987505404556
2026-04-01,2026-04-01 16:00:00,Midtown Center,17,474.7307692307692,422.02933336064416
2026-04-01,2026-04-01 16:00:00,Upper East Side North,17,388.61538461538464,330.39712824026225
2026-04-01,2026-04-01 16:00:00,Penn Station/Madison Sq West,17,201.01923076923077,188.5425459454768
2026-04-01,2026-04-01 16:00:00,Midtown East,17,307.40384615384613,280.75741977897854
2026-04-01,2026-04-01 16:00:00,Times Sq/Theatre District,17,294.53846153846155,222.8481711895663
2026-04-01,2026-04-01 16:00:00,Lincoln Square East,17,226.34615384615384,182.78895265119462
2026-04-01,2026-04-01 16:00:00,LaGuardia Airport,17,217.42307692307693,176.22710489157419
2026-04-01,2026-04-01 16:00:00,Murray Hill,17,245.19230769230768,209.75405429515865
2026-04-01,2026-04-01 17:00:00,Upper East Side South,18,502.2692307692308,437.78847945027735
2026-04-01,2026-04-01 17:00:00,JFK Airport,18,345.4230769230769,335.19069076962177
2026-04-01,2026-04-01 17:00:00,Midtown Center,18,557.8653846153846,497.7223225937052
2026-04-01,2026-04-01 17:00:00,Upper East Side North,18,425.1730769230769,342.7819104883634
2026-04-01,2026-04-01 17:00:00,Penn Station/Madison Sq West,18,235.84615384615384,200.49743443680234
2026-04-01,2026-04-01 17:00:00,Midtown East,18,412.5,353.031509695704
2026-04-01,2026-04-01 17:00:00,Times Sq/Theatre District,18,306.59615384615387,252.38368600722285
2026-04-01,2026-04-01 17:00:00,Lincoln Square East,18,262.61538461538464,209.1874676885968
2026-04-01,2026-04-01 17:00:00,LaGuardia Airport,18,193.26923076923077,172.65159324317736
2026-04-01,2026-04-01 17:00:00,Murray Hill,18,292.13461538461536,248.70905111345763
2026-04-01,2026-04-01 18:00:00,Upper East Side South,19,523.0961538461538,425.537514631785
2026-04-01,2026-04-01 18:00:00,JFK Airport,19,312.9423076923077,318.12771687499185
2026-04-01,2026-04-01 18:00:00,Midtown Center,19,589.0769230769231,557.1941135293173
2026-04-01,2026-04-01 18:00:00,Upper East Side North,19,430.5576923076923,317.8064071625418
2026-04-01,2026-04-01 18:00:00,Penn Station/Madison Sq West,19,245.01923076923077,199.12195636155198
2026-04-01,2026-04-01 18:00:00,Midtown East,19,436.2692307692308,367.1685806793211
2026-04-01,2026-04-01 18:00:00,Times Sq/Theatre District,19,317.5769230769231,271.26425585522514
2026-04-01,2026-04-01 18:00:00,Lincoln Square East,19,289.6923076923077,243.4845531337502
2026-04-01,2026-04-01 18:00:00,LaGuardia Airport,19,191.73076923076923,169.49899585914469
2026-04-01,2026-04-01 18:00:00,Murray Hill,19,312.1730769230769,270.4643052096088
2026-04-01,2026-04-01 19:00:00,Upper East Side South,20,436.15384615384613,342.7016578892035
2026-04-01,2026-04-01 19:00:00,JFK Airport,20,328.78846153846155,323.5288873882397
2026-04-01,2026-04-01 19:00:00,Midtown Center,20,567.1730769230769,534.7022922206872
2026-04-01,2026-04-01 19:00:00,Upper East Side North,20,301.34615384615387,238.36487446941507
2026-04-01,2026-04-01 19:00:00,Penn Station/Madison Sq West,20,222.53846153846155,199.47206118075678
2026-04-01,2026-04-01 19:00:00,Midtown East,20,378.28846153846155,344.36143359535083
2026-04-01,2026-04-01 19:00:00,Times Sq/Theatre District,20,288.6923076923077,258.335146569121
2026-04-01,2026-04-01 19:00:00,Lincoln Square East,20,247.5,206.3767240352503
2026-04-01,2026-04-01 19:00:00,LaGuardia Airport,20,206.69230769230768,179.79737433614147
2026-04-01,2026-04-01 19:00:00,Murray Hill,20,284.09615384615387,238.2502965784595
2026-04-01,2026-04-01 20:00:00,Upper East Side South,21,387.63461538461536,306.5007746845878
2026-04-01,2026-04-01 20:00:00,JFK Airport,21,352.4423076923077,343.2249799690709
2026-04-01,2026-04-01 20:00:00,Midtown Center,21,610.2307692307693,542.5595034726362
2026-04-01,2026-04-01 20:00:00,Upper East Side North,21,241.1346153846154,200.87441744657949
2026-04-01,2026-04-01 20:00:00,Penn Station/Madison Sq West,21,205.1346153846154,181.66133735016828
2026-04-01,2026-04-01 20:00:00,Midtown East,21,375.61538461538464,324.44999481311925
2026-04-01,2026-04-01 20:00:00,Times Sq/Theatre District,21,330.09615384615387,310.56335142940975
2026-04-01,2026-04-01 20:00:00,Lincoln Square East,21,248.1346153846154,216.24283024580134
2026-04-01,2026-04-01 20:00:00,LaGuardia Airport,21,203.8653846153846,163.78543102978634
2026-04-01,2026-04-01 20:00:00,Murray Hill,21,256.28846153846155,223.66245563545195
2026-04-01,2026-04-01 21:00:00,Upper East Side South,22,401.34615384615387,320.8862782539947
2026-04-01,2026-04-01 21:00:00,JFK Airport,22,334.5769230769231,329.94514938928245
2026-04-01,2026-04-01 21:00:00,Midtown Center,22,594.3269230769231,584.976405347494
2026-04-01,2026-04-01 21:00:00,Upper East Side North,22,202.65384615384616,167.87758803229002
2026-04-01,2026-04-01 21:00:00,Penn Station/Madison Sq West,22,220.71153846153845,191.91382076028074
2026-04-01,2026-04-01 21:00:00,Midtown East,22,347.5769230769231,284.14163986951036
2026-04-01,2026-04-01 21:00:00,Times Sq/Theatre District,22,446.1923076923077,466.94924867867684
2026-04-01,2026-04-01 21:00:00,Lincoln Square East,22,338.0,290.4402988791183
2026-04-01,2026-04-01 21:00:00,LaGuardia Airport,22,219.23076923076923,160.67869672110916
2026-04-01,2026-04-01 21:00:00,Murray Hill,22,245.07692307692307,209.25317325548983
2026-04-01,2026-04-01 22:00:00,Upper East Side South,23,274.86538461538464,225.06144964733366
2026-04-01,2026-04-01 22:00:00,JFK Airport,23,320.71153846153845,316.25476197692916
2026-04-01,2026-04-01 22:00:00,Midtown Center,23,441.59615384615387,402.8111483972604
2026-04-01,2026-04-01 22:00:00,Upper East Side North,23,122.23076923076923,99.99939632573252
2026-04-01,2026-04-01 22:00:00,Penn Station/Madison Sq West,23,217.80769230769232,212.3440037661333
2026-04-01,2026-04-01 22:00:00,Midtown East,23,245.98076923076923,193.47190843829742
2026-04-01,2026-04-01 22:00:00,Times Sq/Theatre District,23,436.86538461538464,460.2187399668274
2026-04-01,2026-04-01 22:00:00,Lincoln Square East,23,328.4807692307692,282.3414684707764
2026-04-01,2026-04-01 22:00:00,LaGuardia Airport,23,190.90384615384616,148.15230054024397
2026-04-01,2026-04-01 22:00:00,Murray Hill,23,191.01923076923077,170.73094074146334
2026-04-01,2026-04-01 23:00:00,Upper East Side South,24,128.3653846153846,113.29234574610439
2026-04-01,2026-04-01 23:00:00,JFK Airport,24,286.36538461538464,297.25147097879295
2026-04-01,2026-04-01 23:00:00,Midtown Center,24,232.40384615384616,207.3630569129486
2026-04-01,2026-04-01 23:00:00,Upper East Side North,24,51.42307692307692,39.72564006376928
2026-04-01,2026-04-01 23:00:00,Penn Station/Madison Sq West,24,163.48076923076923,151.36369250403285
2026-04-01,2026-04-01 23:00:00,Midtown East,24,120.0576923076923,107.22400814987503
2026-04-01,2026-04-01 23:00:00,Times Sq/Theatre District,24,245.34615384615384,235.16961173605708
2026-04-01,2026-04-01 23:00:00,Lincoln Square East,24,187.92307692307693,243.11694888973756
2026-04-01,2026-04-01 23:00:00,LaGuardia Airport,24,204.80769230769232,148.00694437868364
2026-04-01,2026-04-01 23:00:00,Murray Hill,24,109.46153846153847,114.63673774070115
2026-04-01,2026-04-02 00:00:00,Upper East Side South,25,61.90384615384615,51.46172445800824
2026-04-01,2026-04-02 00:00:00,JFK Airport,25,209.82692307692307,200.26930022598296
2026-04-01,2026-04-02 00:00:00,Midtown Center,25,98.9423076923077,88.98070114324669
2026-04-01,2026-04-02 00:00:00,Upper East Side North,25,21.76923076923077,14.44545962157645
2026-04-01,2026-04-02 00:00:00,Penn Station/Madison Sq West,25,93.0576923076923,105.71953364145203
2026-04-01,2026-04-02 00:00:00,Midtown East,25,62.51923076923077,53.29300559152538
2026-04-01,2026-04-02 00:00:00,Times Sq/Theatre District,25,113.21153846153847,117.4747286968842
2026-04-01,2026-04-02 00:00:00,Lincoln Square East,25,51.94230769230769,103.44121500420897
2026-04-01,2026-04-02 00:00:00,LaGuardia Airport,25,111.65384615384616,113.24765429021922
2026-04-01,2026-04-02 00:00:00,Murray Hill,25,59.34615384615385,49.191069397800604
2026-04-01,2026-04-02 01:00:00,Upper East Side South,26,29.48076923076923,17.485218985792237
2026-04-01,2026-04-02 01:00:00,JFK Airport,26,106.76923076923077,111.36294706918142
2026-04-01,2026-04-02 01:00:00,Midtown Center,26,38.38461538461539,34.06521898490989
2026-04-01,2026-04-02 01:00:00,Upper East Side North,26,10.576923076923077,8.765578756683087
2026-04-01,2026-04-02 01:00:00,Penn Station/Madison Sq West,26,38.34615384615385,55.13998620129519
2026-04-01,2026-04-02 01:00:00,Midtown East,26,25.942307692307693,22.822812143233993
2026-04-01,2026-04-02 01:00:00,Times Sq/Theatre District,26,47.09615384615385,46.29900987992153
2026-04-01,2026-04-02 01:00:00,Lincoln Square East,26,22.942307692307693,26.51842212336491
2026-04-01,2026-04-02 01:00:00,LaGuardia Airport,26,27.192307692307693,51.95968880812803
2026-04-01,2026-04-02 01:00:00,Murray Hill,26,28.596153846153847,19.72866281946722
2026-04-01,2026-04-02 02:00:00,Upper East Side South,27,10.192307692307692,10.034593495563447
2026-04-01,2026-04-02 02:00:00,JFK Airport,27,32.96153846153846,40.011424671902105
2026-04-01,2026-04-02 02:00:00,Midtown Center,27,14.942307692307692,11.811074342385814
2026-04-01,2026-04-02 02:00:00,Upper East Side North,27,4.1923076923076925,5.744187989305423
2026-04-01,2026-04-02 02:00:00,Penn Station/Madison Sq West,27,20.096153846153847,16.714120991408368
2026-04-01,2026-04-02 02:00:00,Midtown East,27,12.538461538461538,10.584638035111542
2026-04-01,2026-04-02 02:00:00,Times Sq/Theatre District,27,24.78846153846154,22.01716926969242
2026-04-01,2026-04-02 02:00:00,Lincoln Square East,27,8.403846153846153,9.872867992870216
2026-04-01,2026-04-02 02:00:00,LaGuardia Airport,27,10.903846153846153,11.069343105067546
2026-04-01,2026-04-02 02:00:00,Murray Hill,27,14.73076923076923,10.115942645444859
2026-04-01,2026-04-02 03:00:00,Upper East Side South,28,7.134615384615385,7.147733420160779
2026-04-01,2026-04-02 03:00:00,JFK Airport,28,14.057692307692308,15.189771166104444
2026-04-01,2026-04-02 03:00:00,Midtown Center,28,8.653846153846153,7.062106738135924
2026-04-01,2026-04-02 03:00:00,Upper East Side North,28,2.230769230769231,5.7019293241321245
2026-04-01,2026-04-02 03:00:00,Penn Station/Madison Sq West,28,11.346153846153847,9.974480596789288
2026-04-01,2026-04-02 03:00:00,Midtown East,28,6.8076923076923075,7.147733420160779
2026-04-01,2026-04-02 03:00:00,Times Sq/Theatre District,28,18.153846153846153,13.656634912507606
2026-04-01,2026-04-02 03:00:00,Lincoln Square East,28,4.6923076923076925,5.649364302316752
2026-04-01,2026-04-02 03:00:00,LaGuardia Airport,28,2.923076923076923,5.669493795004688
2026-04-01,2026-04-02 03:00:00,Murray Hill,28,8.961538461538462,7.147733420160779
2026-04-01,2026-04-02 04:00:00,Upper East Side South,29,5.826923076923077,8.785076474497739
2026-04-01,2026-04-02 04:00:00,JFK Airport,29,14.673076923076923,10.996826277985976
2026-04-01,2026-04-02 04:00:00,Midtown Center,29,9.134615384615385,9.542198209455307
2026-04-01,2026-04-02 04:00:00,Upper East Side North,29,5.980769230769231,7.965058434092077
2026-04-01,2026-04-02 04:00:00,Penn Station/Madison Sq West,29,11.653846153846153,8.904687719490104
2026-04-01,2026-04-02 04:00:00,Midtown East,29,7.961538461538462,8.454655487532733
2026-04-01,2026-04-02 04:00:00,Times Sq/Theatre District,29,20.576923076923077,17.30028501445472
2026-04-01,2026-04-02 04:00:00,Lincoln Square East,29,7.673076923076923,8.3075761414911
2026-04-01,2026-04-02 04:00:00,LaGuardia Airport,29,2.4038461538461537,6.250117282307633
2026-04-01,2026-04-02 04:00:00,Murray Hill,29,10.596153846153847,8.22540334380972
2026-04-01,2026-04-02 05:00:00,Upper East Side South,30,14.98076923076923,15.989566224134833
2026-04-01,2026-04-02 05:00:00,JFK Airport,30,68.75,37.64394756864101
2026-04-01,2026-04-02 05:00:00,Midtown Center,30,15.403846153846153,17.29340848555099
2026-04-01,2026-04-02 05:00:00,Upper East Side North,30,22.576923076923077,17.543886849483126
2026-04-01,2026-04-02 05:00:00,Penn Station/Madison Sq West,30,53.90384615384615,42.990729347425905
2026-04-01,2026-04-02 05:00:00,Midtown East,30,23.923076923076923,16.880206332091518
2026-04-01,2026-04-02 05:00:00,Times Sq/Theatre District,30,24.942307692307693,22.54381607457742
2026-04-01,2026-04-02 05:00:00,Lincoln Square East,30,16.5,14.862777895081516
2026-04-01,2026-04-02 05:00:00,LaGuardia Airport,30,2.9615384615384617,8.943680822977132
2026-04-01,2026-04-02 05:00:00,Murray Hill,30,20.346153846153847,18.007783774917225
2026-04-01,2026-04-02 06:00:00,Upper East Side South,31,47.78846153846154,40.54024708786264
2026-04-01,2026-04-02 06:00:00,JFK Airport,31,131.76923076923077,86.16727098209991
2026-04-01,2026-04-02 06:00:00,Midtown Center,31,46.61538461538461,40.97389980829239
2026-04-01,2026-04-02 06:00:00,Upper East Side North,31,88.51923076923077,62.355469179250896
2026-04-01,2026-04-02 06:00:00,Penn Station/Madison Sq West,31,116.65384615384616,108.75004088619957
2026-04-01,2026-04-02 06:00:00,Midtown East,31,67.78846153846153,61.07577145953187
2026-04-01,2026-04-02 06:00:00,Times Sq/Theatre District,31,39.71153846153846,37.345804800509256
2026-04-01,2026-04-02 06:00:00,Lincoln Square East,31,41.61538461538461,37.28698398994547
2026-04-01,2026-04-02 06:00:00,LaGuardia Airport,31,4.826923076923077,13.993433321417859
2026-04-01,2026-04-02 06:00:00,Murray Hill,31,49.25,45.318909569071806
2026-04-01,2026-04-02 07:00:00,Upper East Side South,32,191.34615384615384,125.33367688890301
2026-04-01,2026-04-02 07:00:00,JFK Airport,32,147.90384615384616,142.21142352145512
2026-04-01,2026-04-02 07:00:00,Midtown Center,32,90.88461538461539,84.45214217329043
2026-04-01,2026-04-02 07:00:00,Upper East Side North,32,265.65384615384613,178.23144096961786
2026-04-01,2026-04-02 07:00:00,Penn Station/Madison Sq West,32,187.84615384615384,184.09500185203987
2026-04-01,2026-04-02 07:00:00,Midtown East,32,128.78846153846155,117.25016271275192
2026-04-01,2026-04-02 07:00:00,Times Sq/Theatre District,32,78.8076923076923,80.27303272128064
2026-04-01,2026-04-02 07:00:00,Lincoln Square East,32,115.61538461538461,88.7318025606462
2026-04-01,2026-04-02 07:00:00,LaGuardia Airport,32,46.86538461538461,37.234716392109604
2026-04-01,2026-04-02 07:00:00,Murray Hill,32,107.92307692307692,107.74467528055183
2026-04-01,2026-04-02 08:00:00,Upper East Side South,33,288.71153846153845,219.87334515910746
2026-04-01,2026-04-02 08:00:00,JFK Airport,33,118.6923076923077,140.9920598464229
2026-04-01,2026-04-02 08:00:00,Midtown Center,33,151.3653846153846,140.23713900521352
2026-04-01,2026-04-02 08:00:00,Upper East Side North,33,375.7307692307692,261.10183766764357
2026-04-01,2026-04-02 08:00:00,Penn Station/Madison Sq West,33,232.01923076923077,234.00110450760093
2026-04-01,2026-04-02 08:00:00,Midtown East,33,192.48076923076923,164.98338714021736
2026-04-01,2026-04-02 08:00:00,Times Sq/Theatre District,33,117.67307692307692,124.66456450311911
2026-04-01,2026-04-02 08:00:00,Lincoln Square East,33,170.84615384615384,148.34010955795065
2026-04-01,2026-04-02 08:00:00,LaGuardia Airport,33,87.21153846153847,51.66657226154533
2026-04-01,2026-04-02 08:00:00,Murray Hill,33,169.51923076923077,151.74634468123202
2026-04-01,2026-04-02 09:00:00,Upper East Side South,34,318.75,266.40192870356174
2026-04-01,2026-04-02 09:00:00,JFK Airport,34,106.53846153846153,128.08175452860397
2026-04-01,2026-04-02 09:00:00,Midtown Center,34,198.40384615384616,178.43032402927173
2026-04-01,2026-04-02 09:00:00,Upper East Side North,34,354.28846153846155,305.9568351839261
2026-04-01,2026-04-02 09:00:00,Penn Station/Madison Sq West,34,250.82692307692307,250.21211441219072
2026-04-01,2026-04-02 09:00:00,Midtown East,34,210.55769230769232,179.17733204805558
2026-04-01,2026-04-02 09:00:00,Times Sq/Theatre District,34,141.59615384615384,153.83041464871187
2026-04-01,2026-04-02 09:00:00,Lincoln Square East,34,170.25,165.36329101506803
2026-04-01,2026-04-02 09:00:00,LaGuardia Airport,34,158.53846153846155,97.88606592572413
2026-04-01,2026-04-02 09:00:00,Murray Hill,34,187.03846153846155,172.2525367026494
2026-04-01,2026-04-02 10:00:00,Upper East Side South,35,330.38461538461536,299.57443943621007
2026-04-01,2026-04-02 10:00:00,JFK Airport,35,131.53846153846155,135.18809504349616
2026-04-01,2026-04-02 10:00:00,Midtown Center,35,233.05769230769232,211.7322368073637
2026-04-01,2026-04-02 10:00:00,Upper East Side North,35,343.09615384615387,316.18629280823274
2026-04-01,2026-04-02 10:00:00,Penn Station/Madison Sq West,35,226.1153846153846,241.62985006884674
2026-04-01,2026-04-02 10:00:00,Midtown East,35,207.0,188.62061820366586
2026-04-01,2026-04-02 10:00:00,Times Sq/Theatre District,35,158.01923076923077,162.00569345704898
2026-04-01,2026-04-02 10:00:00,Lincoln Square East,35,175.75,173.69307764451705
2026-04-01,2026-04-02 10:00:00,LaGuardia Airport,35,205.90384615384616,117.09155410005215
2026-04-01,2026-04-02 10:00:00,Murray Hill,35,189.07692307692307,179.24524503442797
2026-04-01,2026-04-02 11:00:00,Upper East Side South,36,375.6730769230769,321.2050937325919
2026-04-01,2026-04-02 11:00:00,JFK Airport,36,142.48076923076923,145.87264996345684
2026-04-01,2026-04-02 11:00:00,Midtown Center,36,285.34615384615387,250.20139856933528
2026-04-01,2026-04-02 11:00:00,Upper East Side North,36,362.4230769230769,327.73328538875035
2026-04-01,2026-04-02 11:00:00,Penn Station/Madison Sq West,36,218.5,248.20127599558455
2026-04-01,2026-04-02 11:00:00,Midtown East,36,214.05769230769232,210.1581104139245
2026-04-01,2026-04-02 11:00:00,Times Sq/Theatre District,36,172.6153846153846,166.8611242019775
2026-04-01,2026-04-02 11:00:00,Lincoln Square East,36,186.42307692307693,190.09671795832836
2026-04-01,2026-04-02 11:00:00,LaGuardia Airport,36,177.78846153846155,126.1686398023817
2026-04-01,2026-04-02 11:00:00,Murray Hill,36,196.01923076923077,182.75324326444067
2026-04-01,2026-04-02 12:00:00,Upper East Side South,37,413.2692307692308,356.61344418320374
2026-04-01,2026-04-02 12:00:00,JFK Airport,37,183.01923076923077,142.27160326011938
2026-04-01,2026-04-02 12:00:00,Midtown Center,37,316.4230769230769,296.55053145016774
2026-04-01,2026-04-02 12:00:00,Upper East Side North,37,386.4230769230769,338.00597359812775
2026-04-01,2026-04-02 12:00:00,Penn Station/Madison Sq West,37,197.1346153846154,227.12714796943274
2026-04-01,2026-04-02 12:00:00,Midtown East,37,228.03846153846155,223.47503716657639
2026-04-01,2026-04-02 12:00:00,Times Sq/Theatre District,37,169.75,169.4705918502397
2026-04-01,2026-04-02 12:00:00,Lincoln Square East,37,203.03846153846155,196.00331950135376
2026-04-01,2026-04-02 12:00:00,LaGuardia Airport,37,199.19230769230768,137.26107739001725
2026-04-01,2026-04-02 12:00:00,Murray Hill,37,206.57692307692307,198.36676992027023
2026-04-01,2026-04-02 13:00:00,Upper East Side South,38,426.7307692307692,369.21917115245526
2026-04-01,2026-04-02 13:00:00,JFK Airport,38,216.48076923076923,179.7150192913437
2026-04-01,2026-04-02 13:00:00,Midtown Center,38,357.5576923076923,340.30330815256497
2026-04-01,2026-04-02 13:00:00,Upper East Side North,38,362.21153846153845,326.04873847153885
2026-04-01,2026-04-02 13:00:00,Penn Station/Madison Sq West,38,226.6153846153846,227.58552874602233
2026-04-01,2026-04-02 13:00:00,Midtown East,38,236.6153846153846,224.7335068274324
2026-04-01,2026-04-02 13:00:00,Times Sq/Theatre District,38,177.30769230769232,169.4705918502397
2026-04-01,2026-04-02 13:00:00,Lincoln Square East,38,197.44230769230768,189.6655201873757
2026-04-01,2026-04-02 13:00:00,LaGuardia Airport,38,204.46153846153845,144.45668109709052
2026-04-01,2026-04-02 13:00:00,Murray Hill,38,212.8653846153846,204.54016990162174
2026-04-01,2026-04-02 14:00:00,Upper East Side South,39,482.03846153846155,410.94857241392623
2026-04-01,2026-04-02 14:00:00,JFK Airport,39,305.34615384615387,218.9628133475063
2026-04-01,2026-04-02 14:00:00,Midtown Center,39,400.65384615384613,362.31609844414146
2026-04-01,2026-04-02 14:00:00,Upper East Side North,39,393.96153846153845,328.02462411954326
2026-04-01,2026-04-02 14:00:00,Penn Station/Madison Sq West,39,197.28846153846155,209.85641917675372
2026-04-01,2026-04-02 14:00:00,Midtown East,39,255.0,245.6086069489005
2026-04-01,2026-04-02 14:00:00,Times Sq/Theatre District,39,189.8846153846154,174.10506309912648
2026-04-01,2026-04-02 14:00:00,Lincoln Square East,39,225.17307692307693,191.42774545901764
2026-04-01,2026-04-02 14:00:00,LaGuardia Airport,39,282.7307692307692,157.80401240573357
2026-04-01,2026-04-02 14:00:00,Murray Hill,39,218.92307692307693,212.29061856723226
2026-04-01,2026-04-02 15:00:00,Upper East Side South,40,479.9230769230769,427.71650820757793
2026-04-01,2026-04-02 15:00:00,JFK Airport,40,354.65384615384613,298.01777205115644
2026-04-01,2026-04-02 15:00:00,Midtown Center,40,413.2692307692308,399.0639415209917
2026-04-01,2026-04-02 15:00:00,Upper East Side North,40,469.9423076923077,337.25955069892575
2026-04-01,2026-04-02 15:00:00,Penn Station/Madison Sq West,40,204.80769230769232,215.99336133553268
2026-04-01,2026-04-02 15:00:00,Midtown East,40,264.2307692307692,268.236213571521
2026-04-01,2026-04-02 15:00:00,Times Sq/Theatre District,40,200.0,179.98229161839802
2026-04-01,2026-04-02 15:00:00,Lincoln Square East,40,232.23076923076923,206.89672125429598
2026-04-01,2026-04-02 15:00:00,LaGuardia Airport,40,260.1923076923077,179.37146527872721
2026-04-01,2026-04-02 15:00:00,Murray Hill,40,232.07692307692307,221.44785256815968
2026-04-01,2026-04-02 16:00:00,Upper East Side South,41,460.46153846153845,419.69301473986815
2026-04-01,2026-04-02 16:00:00,JFK Airport,41,381.0,345.98690800417666
2026-04-01,2026-04-02 16:00:00,Midtown Center,41,457.53846153846155,427.8861797533906
2026-04-01,2026-04-02 16:00:00,Upper East Side North,41,419.4230769230769,328.7610693726635
2026-04-01,2026-04-02 16:00:00,Penn Station/Madison Sq West,41,211.09615384615384,200.84878811398158
2026-04-01,2026-04-02 16:00:00,Midtown East,41,303.71153846153845,309.58859978371567
2026-04-01,2026-04-02 16:00:00,Times Sq/Theatre District,41,238.67307692307693,197.4961679690639
2026-04-01,2026-04-02 16:00:00,Lincoln Square East,41,216.94230769230768,199.1860515001872
2026-04-01,2026-04-02 16:00:00,LaGuardia Airport,41,233.73076923076923,191.78307047902615
2026-04-01,2026-04-02 16:00:00,Murray Hill,41,249.82692307692307,225.1886981648877
2026-04-01,2026-04-02 17:00:00,Upper East Side South,42,503.2692307692308,454.27662191901805
2026-04-01,2026-04-02 17:00:00,JFK Airport,42,337.5576923076923,343.25257326846923
2026-04-01,2026-04-02 17:00:00,Midtown Center,42,535.0384615384615,488.3735472799628
2026-04-01,2026-04-02 17:00:00,Upper East Side North,42,445.71153846153845,332.5917315644027
2026-04-01,2026-04-02 17:00:00,Penn Station/Madison Sq West,42,248.51923076923077,219.65265042626896
2026-04-01,2026-04-02 17:00:00,Midtown East,42,388.9807692307692,355.18312140570464
2026-04-01,2026-04-02 17:00:00,Times Sq/Theatre District,42,279.78846153846155,235.48587535319848
2026-04-01,2026-04-02 17:00:00,Lincoln Square East,42,258.11538461538464,213.2082181653582
2026-04-01,2026-04-02 17:00:00,LaGuardia Airport,42,210.78846153846155,179.0214250759048
2026-04-01,2026-04-02 17:00:00,Murray Hill,42,287.65384615384613,246.45054033127286
2026-04-01,2026-04-02 18:00:00,Upper East Side South,43,510.4230769230769,435.15515604005304
2026-04-01,2026-04-02 18:00:00,JFK Airport,43,322.3076923076923,325.49048981350194
2026-04-01,2026-04-02 18:00:00,Midtown Center,43,550.75,527.3085984565099
2026-04-01,2026-04-02 18:00:00,Upper East Side North,43,436.0769230769231,312.6252306676598
2026-04-01,2026-04-02 18:00:00,Penn Station/Madison Sq West,43,251.67307692307693,233.3631313209352
2026-04-01,2026-04-02 18:00:00,Midtown East,43,419.8269230769231,379.028913816461
2026-04-01,2026-04-02 18:00:00,Times Sq/Theatre District,43,301.15384615384613,257.15369110562114
2026-04-01,2026-04-02 18:00:00,Lincoln Square East,43,284.8076923076923,241.64156265322558
2026-04-01,2026-04-02 18:00:00,LaGuardia Airport,43,206.30769230769232,177.53474065310843
2026-04-01,2026-04-02 18:00:00,Murray Hill,43,309.1923076923077,280.21043998178175
2026-04-01,2026-04-02 19:00:00,Upper East Side South,44,419.11538461538464,353.2534658625114
2026-04-01,2026-04-02 19:00:00,JFK Airport,44,336.28846153846155,316.3402983900736
2026-04-01,2026-04-02 19:00:00,Midtown Center,44,524.2692307692307,523.7783917486521
2026-04-01,2026-04-02 19:00:00,Upper East Side North,44,311.9230769230769,247.85376982389752
2026-04-01,2026-04-02 19:00:00,Penn Station/Madison Sq West,44,240.23076923076923,228.82876654941143
2026-04-01,2026-04-02 19:00:00,Midtown East,44,353.1730769230769,331.79603654501994
2026-04-01,2026-04-02 19:00:00,Times Sq/Theatre District,44,269.7307692307692,244.97865040608013
2026-04-01,2026-04-02 19:00:00,Lincoln Square East,44,234.3653846153846,208.01670917882927
2026-04-01,2026-04-02 19:00:00,LaGuardia Airport,44,209.25,174.97766770088074
2026-04-01,2026-04-02 19:00:00,Murray Hill,44,288.63461538461536,257.8959840202897
2026-04-01,2026-04-02 20:00:00,Upper East Side South,45,384.75,299.61296096564143
2026-04-01,2026-04-02 20:00:00,JFK Airport,45,365.84615384615387,337.402622214657
2026-04-01,2026-04-02 20:00:00,Midtown Center,45,536.9230769230769,532.171785909052
2026-04-01,2026-04-02 20:00:00,Upper East Side North,45,241.44230769230768,218.10558008432275
2026-04-01,2026-04-02 20:00:00,Penn Station/Madison Sq West,45,203.09615384615384,196.87957354207526
2026-04-01,2026-04-02 20:00:00,Midtown East,45,343.5576923076923,302.3052185265788
2026-04-01,2026-04-02 20:00:00,Times Sq/Theatre District,45,312.90384615384613,287.42162002595853
2026-04-01,2026-04-02 20:00:00,Lincoln Square East,45,244.71153846153845,211.1027672523401
2026-04-01,2026-04-02 20:00:00,LaGuardia Airport,45,211.51923076923077,163.6757755792381
2026-04-01,2026-04-02 20:00:00,Murray Hill,45,263.15384615384613,243.6945384201968
2026-04-01,2026-04-02 21:00:00,Upper East Side South,46,393.84615384615387,289.2114673927417
2026-04-01,2026-04-02 21:00:00,JFK Airport,46,329.0769230769231,332.28966514212203
2026-04-01,2026-04-02 21:00:00,Midtown Center,46,537.6730769230769,553.4704967535295
2026-04-01,2026-04-02 21:00:00,Upper East Side North,46,204.46153846153845,183.36596823887376
2026-04-01,2026-04-02 21:00:00,Penn Station/Madison Sq West,46,221.17307692307693,192.09326493947052
2026-04-01,2026-04-02 21:00:00,Midtown East,46,311.5576923076923,257.66925822784515
2026-04-01,2026-04-02 21:00:00,Times Sq/Theatre District,46,434.38461538461536,439.00594260495626
2026-04-01,2026-04-02 21:00:00,Lincoln Square East,46,364.3269230769231,267.52956094986706
2026-04-01,2026-04-02 21:00:00,LaGuardia Airport,46,234.94230769230768,159.52676314641556
2026-04-01,2026-04-02 21:00:00,Murray Hill,46,234.53846153846155,227.23680046599293
2026-04-01,2026-04-02 22:00:00,Upper East Side South,47,305.2692307692308,237.14189682236463
2026-04-01,2026-04-02 22:00:00,JFK Airport,47,335.5576923076923,325.5447546746913
2026-04-01,2026-04-02 22:00:00,Midtown Center,47,429.65384615384613,446.29821880531586
2026-04-01,2026-04-02 22:00:00,Upper East Side North,47,127.61538461538461,140.3297010796873
2026-04-01,2026-04-02 22:00:00,Penn Station/Madison Sq West,47,227.44230769230768,218.22325426989647
2026-04-01,2026-04-02 22:00:00,Midtown East,47,253.32692307692307,216.59682323175576
2026-04-01,2026-04-02 22:00:00,Times Sq/Theatre District,47,389.71153846153845,477.9309484548256
2026-04-01,2026-04-02 22:00:00,Lincoln Square East,47,332.90384615384613,264.45371953694826
2026-04-01,2026-04-02 22:00:00,LaGuardia Airport,47,217.51923076923077,151.045206879494
2026-04-01,2026-04-02 22:00:00,Murray Hill,47,205.76923076923077,204.14758067622145
2026-04-01,2026-04-02 23:00:00,Upper East Side South,48,159.46153846153845,133.80315543869284
2026-04-01,2026-04-02 23:00:00,JFK Airport,48,318.46153846153845,301.1951105305883
2026-04-01,2026-04-02 23:00:00,Midtown Center,48,258.96153846153845,253.98843451641577
2026-04-01,2026-04-02 23:00:00,Upper East Side North,48,58.76923076923077,48.31734396864837
2026-04-01,2026-04-02 23:00:00,Penn Station/Madison Sq West,48,191.05769230769232,208.27896889562996
2026-04-01,2026-04-02 23:00:00,Midtown East,48,142.3653846153846,123.84091884019604
2026-04-01,2026-04-02 23:00:00,Times Sq/Theatre District,48,266.6730769230769,281.39512887803437
2026-04-01,2026-04-02 23:00:00,Lincoln Square East,48,157.8653846153846,195.2290363441262
2026-04-01,2026-04-02 23:00:00,LaGuardia Airport,48,237.73076923076923,139.47370329790903
2026-04-01,2026-04-02 23:00:00,Murray Hill,48,144.75,154.1507688309006
2026-04-01,2026-04-03 00:00:00,Upper East Side South,49,76.0,59.25170581462346
2026-04-01,2026-04-03 00:00:00,JFK Airport,49,253.84615384615384,224.32594357652204
2026-04-01,2026-04-03 00:00:00,Midtown Center,49,117.86538461538461,104.91968335073598
2026-04-01,2026-04-03 00:00:00,Upper East Side North,49,23.48076923076923,16.844370617435096
2026-04-01,2026-04-03 00:00:00,Penn Station/Madison Sq West,49,131.71153846153845,122.23030160846889
2026-04-01,2026-04-03 00:00:00,Midtown East,49,73.53846153846153,61.49653706408789
2026-04-01,2026-04-03 00:00:00,Times Sq/Theatre District,49,139.48076923076923,151.63670183451865
2026-04-01,2026-04-03 00:00:00,Lincoln Square East,49,59.0,97.78453610258694
2026-04-01,2026-04-03 00:00:00,LaGuardia Airport,49,159.01923076923077,114.35964361613158
2026-04-01,2026-04-03 00:00:00,Murray Hill,49,80.8076923076923,105.9257563333501
2026-04-01,2026-04-03 01:00:00,Upper East Side South,50,32.44230769230769,21.072538588379054
2026-04-01,2026-04-03 01:00:00,JFK Airport,50,143.34615384615384,123.68316866806607
2026-04-01,2026-04-03 01:00:00,Midtown Center,50,41.69230769230769,38.391965037622064
2026-04-01,2026-04-03 01:00:00,Upper East Side North,50,10.51923076923077,9.84459271953981
2026-04-01,2026-04-03 01:00:00,Penn Station/Madison Sq West,50,53.44230769230769,62.45503457805477
2026-04-01,2026-04-03 01:00:00,Midtown East,50,30.23076923076923,26.419969256506416
2026-04-01,2026-04-03 01:00:00,Times Sq/Theatre District,50,65.61538461538461,60.306269826440946
2026-04-01,2026-04-03 01:00:00,Lincoln Square East,50,23.442307692307693,32.9106288875858
2026-04-01,2026-04-03 01:00:00,LaGuardia Airport,50,47.59615384615385,83.4520966059197
2026-04-01,2026-04-03 01:00:00,Murray Hill,50,36.96153846153846,50.71799440822055
2026-04-01,2026-04-03 02:00:00,Upper East Side South,51,14.73076923076923,10.727029449805785
2026-04-01,2026-04-03 02:00:00,JFK Airport,51,50.03846153846154,54.130657387562124
2026-04-01,2026-04-03 02:00:00,Midtown Center,51,17.365384615384617,14.787338406972212
2026-04-01,2026-04-03 02:00:00,Upper East Side North,51,4.596153846153846,6.458794173414263
2026-04-01,2026-04-03 02:00:00,Penn Station/Madison Sq West,51,25.326923076923077,22.07191698815808
2026-04-01,2026-04-03 02:00:00,Midtown East,51,15.615384615384615,14.654237097611718
2026-04-01,2026-04-03 02:00:00,Times Sq/Theatre District,51,33.94230769230769,31.88761957786799
2026-04-01,2026-04-03 02:00:00,Lincoln Square East,51,10.25,12.888152786743971
2026-04-01,2026-04-03 02:00:00,LaGuardia Airport,51,13.826923076923077,38.299350171944134
2026-04-01,2026-04-03 02:00:00,Murray Hill,51,17.826923076923077,20.25563784948084
2026-04-01,2026-04-03 03:00:00,Upper East Side South,52,7.615384615384615,7.688195742014379
2026-04-01,2026-04-03 03:00:00,JFK Airport,52,22.23076923076923,15.647996217938429
2026-04-01,2026-04-03 03:00:00,Midtown Center,52,10.903846153846153,9.407994960412138
2026-04-01,2026-04-03 03:00:00,Upper East Side North,52,2.9615384615384617,6.055718648948521
2026-04-01,2026-04-03 03:00:00,Penn Station/Madison Sq West,52,14.73076923076923,13.002747210889572
2026-04-01,2026-04-03 03:00:00,Midtown East,52,8.557692307692308,10.01376400608641
2026-04-01,2026-04-03 03:00:00,Times Sq/Theatre District,52,24.923076923076923,19.142746857823404
2026-04-01,2026-04-03 03:00:00,Lincoln Square East,52,6.019230769230769,7.248376318374436
2026-04-01,2026-04-03 03:00:00,LaGuardia Airport,52,3.8846153846153846,14.01762821654881
2026-04-01,2026-04-03 03:00:00,Murray Hill,52,10.057692307692308,11.977057343270351
2026-04-01,2026-04-03 04:00:00,Upper East Side South,53,8.76923076923077,8.527963771855031
2026-04-01,2026-04-03 04:00:00,JFK Airport,53,19.26923076923077,10.639774747634736
2026-04-01,2026-04-03 04:00:00,Midtown Center,53,13.115384615384615,9.831806033271182
2026-04-01,2026-04-03 04:00:00,Upper East Side North,53,6.5,8.527963771855031
2026-04-01,2026-04-03 04:00:00,Penn Station/Madison Sq West,53,14.461538461538462,11.19212256276338
2026-04-01,2026-04-03 04:00:00,Midtown East,53,10.692307692307692,9.452822269340652
2026-04-01,2026-04-03 04:00:00,Times Sq/Theatre District,53,26.692307692307693,14.068587714651397
2026-04-01,2026-04-03 04:00:00,Lincoln Square East,53,7.711538461538462,8.261861348970546
2026-04-01,2026-04-03 04:00:00,LaGuardia Airport,53,2.076923076923077,8.724168911610034
2026-04-01,2026-04-03 04:00:00,Murray Hill,53,13.884615384615385,13.286585635855978
2026-04-01,2026-04-03 05:00:00,Upper East Side South,54,13.365384615384615,17.291229077615736
2026-04-01,2026-04-03 05:00:00,JFK Airport,54,80.13461538461539,33.15132372283168
2026-04-01,2026-04-03 05:00:00,Midtown Center,54,17.807692307692307,17.886512381039836
2026-04-01,2026-04-03 05:00:00,Upper East Side North,54,20.923076923076923,16.467314639498188
2026-04-01,2026-04-03 05:00:00,Penn Station/Madison Sq West,54,51.53846153846154,39.261230407982175
2026-04-01,2026-04-03 05:00:00,Midtown East,54,24.5,27.30464528597167
2026-04-01,2026-04-03 05:00:00,Times Sq/Theatre District,54,27.5,19.997497640683047
2026-04-01,2026-04-03 05:00:00,Lincoln Square East,54,17.53846153846154,15.455881790570366
2026-04-01,2026-04-03 05:00:00,LaGuardia Airport,54,3.769230769230769,10.09492005347711
2026-04-01,2026-04-03 05:00:00,Murray Hill,54,22.23076923076923,19.68449009184379
2026-04-01,2026-04-03 06:00:00,Upper East Side South,55,40.15384615384615,39.45649073345195
2026-04-01,2026-04-03 06:00:00,JFK Airport,55,140.98076923076923,77.93744380674676
2026-04-01,2026-04-03 06:00:00,Midtown Center,55,37.92307692307692,45.716942749406876
2026-04-01,2026-04-03 06:00:00,Upper East Side North,55,74.63461538461539,52.442358657242366
2026-04-01,2026-04-03 06:00:00,Penn Station/Madison Sq West,55,96.0576923076923,94.98924425172123
2026-04-01,2026-04-03 06:00:00,Midtown East,55,58.44230769230769,57.21707122492678
2026-04-01,2026-04-03 06:00:00,Times Sq/Theatre District,55,37.82692307692308,36.61754049802045
2026-04-01,2026-04-03 06:00:00,Lincoln Square East,55,38.42307692307692,35.05803762236418
2026-04-01,2026-04-03 06:00:00,LaGuardia Airport,55,5.480769230769231,15.462140934653409
2026-04-01,2026-04-03 06:00:00,Murray Hill,55,43.53846153846154,41.81570382561794
2026-04-01,2026-04-03 07:00:00,Upper East Side South,56,156.34615384615384,105.77933860356872
2026-04-01,2026-04-03 07:00:00,JFK Airport,56,168.44230769230768,129.30050362546146
2026-04-01,2026-04-03 07:00:00,Midtown Center,56,67.6923076923077,72.00602629345798
2026-04-01,2026-04-03 07:00:00,Upper East Side North,56,221.23076923076923,135.21212206326607
2026-04-01,2026-04-03 07:00:00,Penn Station/Madison Sq West,56,127.3076923076923,149.07411606839037
2026-04-01,2026-04-03 07:00:00,Midtown East,56,102.96153846153847,105.55653925303461
2026-04-01,2026-04-03 07:00:00,Times Sq/Theatre District,56,58.09615384615385,64.75602383663981
2026-04-01,2026-04-03 07:00:00,Lincoln Square East,56,98.21153846153847,80.25274289881435
2026-04-01,2026-04-03 07:00:00,LaGuardia Airport,56,37.92307692307692,30.355439636710543
2026-04-01,2026-04-03 07:00:00,Murray Hill,56,80.9423076923077,85.86274306930981
2026-04-01,2026-04-03 08:00:00,Upper East Side South,57,222.03846153846155,180.53906571913484
2026-04-01,2026-04-03 08:00:00,JFK Airport,57,132.5,162.3091812110568
2026-04-01,2026-04-03 08:00:00,Midtown Center,57,107.65384615384616,115.02789219531797
2026-04-01,2026-04-03 08:00:00,Upper East Side North,57,299.2307692307692,203.96784300846315
2026-04-01,2026-04-03 08:00:00,Penn Station/Madison Sq West,57,150.40384615384616,177.94718288009815
2026-04-01,2026-04-03 08:00:00,Midtown East,57,131.3846153846154,147.90589340043962
2026-04-01,2026-04-03 08:00:00,Times Sq/Theatre District,57,96.65384615384616,95.92395117147072
2026-04-01,2026-04-03 08:00:00,Lincoln Square East,57,134.3653846153846,128.23727948915626
2026-04-01,2026-04-03 08:00:00,LaGuardia Airport,57,90.23076923076923,51.654491594678426
2026-04-01,2026-04-03 08:00:00,Murray Hill,57,122.09615384615384,138.6737527032139
2026-04-01,2026-04-03 09:00:00,Upper East Side South,58,246.25,222.21660759988907
2026-04-01,2026-04-03 09:00:00,JFK Airport,58,124.38461538461539,148.85235630647583
2026-04-01,2026-04-03 09:00:00,Midtown Center,58,149.48076923076923,158.52935887943931
2026-04-01,2026-04-03 09:00:00,Upper East Side North,58,296.8269230769231,236.48676865302443
2026-04-01,2026-04-03 09:00:00,Penn Station/Madison Sq West,58,176.32692307692307,200.93734743537155
2026-04-01,2026-04-03 09:00:00,Midtown East,58,154.25,160.9940985916533
2026-04-01,2026-04-03 09:00:00,Times Sq/Theatre District,58,127.96153846153847,127.46667077976917
2026-04-01,2026-04-03 09:00:00,Lincoln Square East,58,143.05769230769232,157.69782053738342
2026-04-01,2026-04-03 09:00:00,LaGuardia Airport,58,153.75,99.0080259201697
2026-04-01,2026-04-03 09:00:00,Murray Hill,58,144.98076923076923,160.29054633197688
2026-04-01,2026-04-03 10:00:00,Upper East Side South,59,287.4423076923077,254.91285364659188
2026-04-01,2026-04-03 10:00:00,JFK Airport,59,135.07692307692307,151.90978652844274
2026-04-01,2026-04-03 10:00:00,Midtown Center,59,199.21153846153845,202.81555502013563
2026-04-01,2026-04-03 10:00:00,Upper East Side North,59,297.3076923076923,251.58877813600307
2026-04-01,2026-04-03 10:00:00,Penn Station/Madison Sq West,59,193.84615384615384,207.21651430584913
2026-04-01,2026-04-03 10:00:00,Midtown East,59,180.71153846153845,176.33436218111396
2026-04-01,2026-04-03 10:00:00,Times Sq/Theatre District,59,157.57692307692307,148.76078727772307
2026-04-01,2026-04-03 10:00:00,Lincoln Square East,59,163.48076923076923,170.02212020520182
2026-04-01,2026-04-03 10:00:00,LaGuardia Airport,59,204.0,126.22731755942277
2026-04-01,2026-04-03 10:00:00,Murray Hill,59,161.6346153846154,170.2566350438801
2026-04-01,2026-04-03 11:00:00,Upper East Side South,60,330.7307692307692,275.4737706618947
2026-04-01,2026-04-03 11:00:00,JFK Airport,60,147.8846153846154,138.68173939546782
2026-04-01,2026-04-03 11:00:00,Midtown Center,60,246.03846153846155,238.58449830796437
2026-04-01,2026-04-03 11:00:00,Upper East Side North,60,318.09615384615387,281.3125509063763
2026-04-01,2026-04-03 11:00:00,Penn Station/Madison Sq West,60,205.01923076923077,219.418325735604
2026-04-01,2026-04-03 11:00:00,Midtown East,60,187.44230769230768,204.55726816793253
2026-04-01,2026-04-03 11:00:00,Times Sq/Theatre District,60,168.25,165.02029360598843
2026-04-01,2026-04-03 11:00:00,Lincoln Square East,60,178.8846153846154,176.65370987482922
2026-04-01,2026-04-03 11:00:00,LaGuardia Airport,60,176.3653846153846,135.32616369370393
2026-04-01,2026-04-03 11:00:00,Murray Hill,60,171.3653846153846,174.67925298679012
2026-04-01,2026-04-03 12:00:00,Upper East Side South,61,376.34615384615387,325.68111615849415
2026-04-01,2026-04-03 12:00:00,JFK Airport,61,196.84615384615384,150.14624406051027
2026-04-01,2026-04-03 12:00:00,Midtown Center,61,280.36538461538464,271.1354271329325
2026-04-01,2026-04-03 12:00:00,Upper East Side North,61,356.86538461538464,291.0774240656397
2026-04-01,2026-04-03 12:00:00,Penn Station/Madison Sq West,61,193.67307692307693,211.41652599223386
2026-04-01,2026-04-03 12:00:00,Midtown East,61,197.67307692307693,210.1534849905911
2026-04-01,2026-04-03 12:00:00,Times Sq/Theatre District,61,161.5,171.644489901216
2026-04-01,2026-04-03 12:00:00,Lincoln Square East,61,194.28846153846155,186.05051116816776
2026-04-01,2026-04-03 12:00:00,LaGuardia Airport,61,201.28846153846155,159.67003430883386
2026-04-01,2026-04-03 12:00:00,Murray Hill,61,180.78846153846155,185.88974242160626
2026-04-01,2026-04-03 13:00:00,Upper East Side South,62,381.65384615384613,346.3483214443692
2026-04-01,2026-04-03 13:00:00,JFK Airport,62,227.80769230769232,187.47092318265356
2026-04-01,2026-04-03 13:00:00,Midtown Center,62,299.40384615384613,308.43061925865493
2026-04-01,2026-04-03 13:00:00,Upper East Side North,62,350.78846153846155,298.5496986746751
2026-04-01,2026-04-03 13:00:00,Penn Station/Madison Sq West,62,235.53846153846155,220.81887355756666
2026-04-01,2026-04-03 13:00:00,Midtown East,62,205.07692307692307,213.13341904434014
2026-04-01,2026-04-03 13:00:00,Times Sq/Theatre District,62,159.96153846153845,170.2222523538345
2026-04-01,2026-04-03 13:00:00,Lincoln Square East,62,201.3653846153846,188.36420981887417
2026-04-01,2026-04-03 13:00:00,LaGuardia Airport,62,201.57692307692307,154.5154735210606
2026-04-01,2026-04-03 13:00:00,Murray Hill,62,182.3653846153846,179.48315719269104
2026-04-01,2026-04-03 14:00:00,Upper East Side South,63,434.09615384615387,375.5063970732655
2026-04-01,2026-04-03 14:00:00,JFK Airport,63,318.86538461538464,221.65181222029742
2026-04-01,2026-04-03 14:00:00,Midtown Center,63,343.25,336.39614272574175
2026-04-01,2026-04-03 14:00:00,Upper East Side North,63,380.88461538461536,304.8509694980348
2026-04-01,2026-04-03 14:00:00,Penn Station/Madison Sq West,63,215.73076923076923,210.34648004710456
2026-04-01,2026-04-03 14:00:00,Midtown East,63,223.25,217.01547066841243
2026-04-01,2026-04-03 14:00:00,Times Sq/Theatre District,63,176.34615384615384,170.57729043409128
2026-04-01,2026-04-03 14:00:00,Lincoln Square East,63,221.15384615384616,201.4167679544828
2026-04-01,2026-04-03 14:00:00,LaGuardia Airport,63,299.9423076923077,177.02880660331869
2026-04-01,2026-04-03 14:00:00,Murray Hill,63,193.57692307692307,189.7856754394748
2026-04-01,2026-04-03 15:00:00,Upper East Side South,64,444.09615384615387,388.4896780836151
2026-04-01,2026-04-03 15:00:00,JFK Airport,64,357.4230769230769,298.14847446872415
2026-04-01,2026-04-03 15:00:00,Midtown Center,64,371.7307692307692,361.50825073458145
2026-04-01,2026-04-03 15:00:00,Upper East Side North,64,432.7307692307692,309.37274844806467
2026-04-01,2026-04-03 15:00:00,Penn Station/Madison Sq West,64,214.03846153846155,220.05524877968315
2026-04-01,2026-04-03 15:00:00,Midtown East,64,239.19230769230768,235.71120972094195
2026-04-01,2026-04-03 15:00:00,Times Sq/Theatre District,64,175.09615384615384,181.125860560501
2026-04-01,2026-04-03 15:00:00,Lincoln Square East,64,223.90384615384616,200.8464342262652
2026-04-01,2026-04-03 15:00:00,LaGuardia Airport,64,280.40384615384613,185.98189612932805
2026-04-01,2026-04-03 15:00:00,Murray Hill,64,204.76923076923077,192.2619833176244
2026-04-01,2026-04-03 16:00:00,Upper East Side South,65,428.21153846153845,387.4507015279272
2026-04-01,2026-04-03 16:00:00,JFK Airport,65,405.2307692307692,329.607456061787
2026-04-01,2026-04-03 16:00:00,Midtown Center,65,412.63461538461536,405.65165285227573
2026-04-01,2026-04-03 16:00:00,Upper East Side North,65,371.9230769230769,300.62394143164005
2026-04-01,2026-04-03 16:00:00,Penn Station/Madison Sq West,65,218.48076923076923,208.39854914525193
2026-04-01,2026-04-03 16:00:00,Midtown East,65,270.40384615384613,266.9671975959879
2026-04-01,2026-04-03 16:00:00,Times Sq/Theatre District,65,204.57692307692307,196.69084293299017
2026-04-01,2026-04-03 16:00:00,Lincoln Square East,65,217.40384615384616,195.95636531198002
2026-04-01,2026-04-03 16:00:00,LaGuardia Airport,65,238.19230769230768,183.51020942734976
2026-04-01,2026-04-03 16:00:00,Murray Hill,65,215.09615384615384,206.24737965223017
2026-04-01,2026-04-03 17:00:00,Upper East Side South,66,439.78846153846155,402.58344321083126
2026-04-01,2026-04-03 17:00:00,JFK Airport,66,342.34615384615387,337.7210480963868
2026-04-01,2026-04-03 17:00:00,Midtown Center,66,453.5192307692308,429.82295424460153
2026-04-01,2026-04-03 17:00:00,Upper East Side North,66,398.4230769230769,313.2000083004877
2026-04-01,2026-04-03 17:00:00,Penn Station/Madison Sq West,66,262.96153846153845,221.8603714747719
2026-04-01,2026-04-03 17:00:00,Midtown East,66,321.84615384615387,301.7770435924554
2026-04-01,2026-04-03 17:00:00,Times Sq/Theatre District,66,228.40384615384616,215.14641766116029
2026-04-01,2026-04-03 17:00:00,Lincoln Square East,66,238.82692307692307,203.2005856992233
2026-04-01,2026-04-03 17:00:00,LaGuardia Airport,66,210.42307692307693,188.7700789371101
2026-04-01,2026-04-03 17:00:00,Murray Hill,66,248.90384615384616,220.83491129716572
2026-04-01,2026-04-03 18:00:00,Upper East Side South,67,428.0576923076923,375.48329206124316
2026-04-01,2026-04-03 18:00:00,JFK Airport,67,314.2307692307692,324.2081451914803
2026-04-01,2026-04-03 18:00:00,Midtown Center,67,451.9807692307692,418.91968437423265
2026-04-01,2026-04-03 18:00:00,Upper East Side North,67,401.40384615384613,302.4653897580999
2026-04-01,2026-04-03 18:00:00,Penn Station/Madison Sq West,67,283.0192307692308,243.31800734575472
2026-04-01,2026-04-03 18:00:00,Midtown East,67,337.88461538461536,320.3724145599346
2026-04-01,2026-04-03 18:00:00,Times Sq/Theatre District,67,240.5,232.86619496040115
2026-04-01,2026-04-03 18:00:00,Lincoln Square East,67,266.13461538461536,222.22890905344562
2026-04-01,2026-04-03 18:00:00,LaGuardia Airport,67,201.09615384615384,181.91316904729797
2026-04-01,2026-04-03 18:00:00,Murray Hill,67,287.0,248.34541350118468
2026-04-01,2026-04-03 19:00:00,Upper East Side South,68,340.71153846153845,296.8003840475843
2026-04-01,2026-04-03 19:00:00,JFK Airport,68,340.09615384615387,324.86373809385327
2026-04-01,2026-04-03 19:00:00,Midtown Center,68,358.38461538461536,353.3465478422882
2026-04-01,2026-04-03 19:00:00,Upper East Side North,68,308.1923076923077,227.85307094054474
2026-04-01,2026-04-03 19:00:00,Penn Station/Madison Sq West,68,261.46153846153845,236.379047867165
2026-04-01,2026-04-03 19:00:00,Midtown East,68,284.65384615384613,255.297300090835
2026-04-01,2026-04-03 19:00:00,Times Sq/Theatre District,68,199.34615384615384,207.45395504780726
2026-04-01,2026-04-03 19:00:00,Lincoln Square East,68,226.32692307692307,200.68849981885353
2026-04-01,2026-04-03 19:00:00,LaGuardia Airport,68,194.46153846153845,167.8102738266998
2026-04-01,2026-04-03 19:00:00,Murray Hill,68,279.9807692307692,223.9304950329777
2026-04-01,2026-04-03 20:00:00,Upper East Side South,69,289.38461538461536,243.30695975376068
2026-04-01,2026-04-03 20:00:00,JFK Airport,69,356.4230769230769,333.637662029328
2026-04-01,2026-04-03 20:00:00,Midtown Center,69,273.9230769230769,309.61734263541433
2026-04-01,2026-04-03 20:00:00,Upper East Side North,69,225.3653846153846,187.98297632449624
2026-04-01,2026-04-03 20:00:00,Penn Station/Madison Sq West,69,195.19230769230768,207.42990947787328
2026-04-01,2026-04-03 20:00:00,Midtown East,69,185.32692307692307,214.62945043598992
2026-04-01,2026-04-03 20:00:00,Times Sq/Theatre District,69,209.55769230769232,211.32258294550218
2026-04-01,2026-04-03 20:00:00,Lincoln Square East,69,213.32692307692307,202.9462143175121
2026-04-01,2026-04-03 20:00:00,LaGuardia Airport,69,181.15384615384616,162.38538051720585
2026-04-01,2026-04-03 20:00:00,Murray Hill,69,212.17307692307693,206.96950790445996
2026-04-01,2026-04-03 21:00:00,Upper East Side South,70,287.2692307692308,233.59233174308505
2026-04-01,2026-04-03 21:00:00,JFK Airport,70,311.6730769230769,341.0853183451483
2026-04-01,2026-04-03 21:00:00,Midtown Center,70,275.8269230769231,313.2228209199679
2026-04-01,2026-04-03 21:00:00,Upper East Side North,70,194.07692307692307,165.76825779088713
2026-04-01,2026-04-03 21:00:00,Penn Station/Madison Sq West,70,192.3846153846154,224.6862891341231
2026-04-01,2026-04-03 21:00:00,Midtown East,70,162.01923076923077,187.6384370760868
2026-04-01,2026-04-03 21:00:00,Times Sq/Theatre District,70,339.63461538461536,326.15692620075436
2026-04-01,2026-04-03 21:00:00,Lincoln Square East,70,300.0769230769231,288.43447982807544
2026-04-01,2026-04-03 21:00:00,LaGuardia Airport,70,190.84615384615384,161.33047887897857
2026-04-01,2026-04-03 21:00:00,Murray Hill,70,170.8653846153846,183.65174184040595
2026-04-01,2026-04-03 22:00:00,Upper East Side South,71,265.03846153846155,211.14195233448356
2026-04-01,2026-04-03 22:00:00,JFK Airport,71,320.90384615384613,342.5803063699311
2026-04-01,2026-04-03 22:00:00,Midtown Center,71,287.65384615384613,288.4764707184313
2026-04-01,2026-04-03 22:00:00,Upper East Side North,71,150.3653846153846,137.26250572005557
2026-04-01,2026-04-03 22:00:00,Penn Station/Madison Sq West,71,218.44230769230768,227.91466770938393
2026-04-01,2026-04-03 22:00:00,Midtown East,71,161.6346153846154,160.59158291374175
2026-04-01,2026-04-03 22:00:00,Times Sq/Theatre District,71,355.8076923076923,390.53605650626275
2026-04-01,2026-04-03 22:00:00,Lincoln Square East,71,351.03846153846155,335.48156833406046
2026-04-01,2026-04-03 22:00:00,LaGuardia Airport,71,164.76923076923077,141.46548128532382
2026-04-01,2026-04-03 22:00:00,Murray Hill,71,173.65384615384616,167.30947321678804
2026-04-01,2026-04-03 23:00:00,Upper East Side South,72,181.19230769230768,145.133134282124
2026-04-01,2026-04-03 23:00:00,JFK Airport,72,270.71153846153845,305.0874554062879
2026-04-01,2026-04-03 23:00:00,Midtown Center,72,189.65384615384616,203.42431290908863
2026-04-01,2026-04-03 23:00:00,Upper East Side North,72,89.48076923076923,55.02896079234149
2026-04-01,2026-04-03 23:00:00,Penn Station/Madison Sq West,72,175.34615384615384,183.11979372612225
2026-04-01,2026-04-03 23:00:00,Midtown East,72,127.01923076923077,101.88472885213493
2026-04-01,2026-04-03 23:00:00,Times Sq/Theatre District,72,233.19230769230768,284.5775856100454
2026-04-01,2026-04-03 23:00:00,Lincoln Square East,72,247.07692307692307,220.80004806988498
2026-04-01,2026-04-03 23:00:00,LaGuardia Airport,72,161.98076923076923,112.54445478229499
2026-04-01,2026-04-03 23:00:00,Murray Hill,72,155.42307692307693,142.44674810028366
